input_id	dealiased_id	standard_id	short_id
PMID:18003902	PMID:18003902	pubmed:18003902	oqRObRv8
PMID:31251750	PMID:31251750	pubmed:31251750	5XL7PCnt
arXiv:1712.08048	arXiv:1712.08048	arxiv:1712.08048	pg5kOUJP
