CMTF,CMTF,PCA,PCA
mean,std,mean,std
0.5529930053588228,0.3049508832059406,0.6722393237483312,0.24867515768644
0.6963762607057274,0.19358470501943736,0.6570255224834387,0.31777648538030867
0.7339516238268413,0.1874565140942512,0.6728468511820151,0.3517612682396403
0.754175297686981,0.22007323635051929,0.7383814247922934,0.24102065046597515
0.7572320549597846,0.20774706321188258,0.795658563969406,0.21019606089300216
